37390a017b69,-48
b827eb85beb1,-74
b827eb7c77df,-73
b827eb7c77df,-72
230a4b2beaaa,-96
54e9a744e598,-92
37390a017b69,-48
acbc32993174,-94
acbc32993174,-84
b827eb85beb1,-88
37390a017b69,-34
88c626bd3e93,-85
6458411a6443,-55
eaebb2ec9be5,-47
acbc32a5b7c4,-82
b827eb7c77df,-74
37390a017b69,-47
88c626bd3e93,-83
5c0e05078dce,-94
b827eb85beb1,-75
eaebb2ec9be5,-48
6458411a6443,-68
6458411a6443,-70
acbc32993174,-84
37390a017b69,-34
54e9a744e598,-93
ec8bc6dfe24f,-89
eaebb2ec9be5,-61
eaebb2ec9be5,-61
37390a017b69,-34
6458411a6443,-69
b827eb7c77df,-72
37390a017b69,-35
5c0e05078dce,-82
37390a017b69,-45
acbc32993174,-91
acbc32993174,-92
37390a017b69,-35
acbc32a5b7c4,-83
88c626bd3e93,-95
eaebb2ec9be5,-58
37390a017b69,-33
88c626bd3e93,-94
acbc32a5b7c4,-83
b827eb7c77df,-72
0452c7639e4c,-70
5c0e05078dce,-91
ecdd3d5620b9,-82
37390a017b69,-48
72a3582219d3,-86
37390a017b69,-34
acbc32a5b7c4,-81
230a4b2beaaa,-97
37390a017b69,-48
880f10a017d3,-84
880f10a017d3,-84
0452c7639e4c,-54
72a3582219d3,-85
ecdd3d5620b9,-80
37390a017b69,-33
72a3582219d3,-87
6458411a6443,-71
37390a017b69,-49
b827eb85beb1,-75
54e9a744e598,-92
5c0e05078dce,-98
b827eb85beb1,-79
b827eb7c77df,-72
eaebb2ec9be5,-41
37390a017b69,-33
88c626bd3e93,-95
54e9a744e598,-90
0452c7639e4c,-71
37390a017b69,-48
b827eb85beb1,-72
88c626bd3e93,-97
88c626bd3e93,-96
54e9a744e598,-92
b827eb85beb1,-76
37390a017b69,-34
37390a017b69,-46
80e4da71f63a,-73
eaebb2ec9be5,-37
37390a017b69,-29
b827eb85beb1,-73
b827eb85beb1,-81
c80f1025a827,-78
37390a017b69,-29
6458411a6443,-72
acbc32a5b7c4,-96
acbc32a5b7c4,-96
37390a017b69,-34
eaebb2ec9be5,-42
5c0e05078dce,-89
ecdd3d5620b9,-85
72a3582219d3,-83
0452c7639e4c,-56
b827eb85beb1,-76
b827eb85beb1,-80
37390a017b69,-81
b827eb85beb1,-81
37390a017b69,-48
b827eb85beb1,-88
b827eb85beb1,-88
0452c7639e4c,-63
37390a017b69,-35
37390a017b69,-34
37390a017b69,-83
599eea52d932,-87
37390a017b69,-49
ecdd3d5620b9,-89
ecdd3d5620b9,-89
b827eb7c77df,-77
c80f1025a827,-71
6458411a6443,-72
0452c7639e4c,-65
37390a017b69,-49
72a3582219d3,-82
b827eb7c77df,-76
eaebb2ec9be5,-52
37390a017b69,-33
230a4b2beaaa,-97
0452c7639e4c,-75
37390a017b69,-34
acbc32a5b7c4,-92
eaebb2ec9be5,-70
7a74acf11470,-85
230a4b2beaaa,-97
54e9a744e598,-91
b827eb7c77df,-77
37390a017b69,-30
54e9a744e598,-93
7a74acf11470,-94
7a74acf11470,-92
37390a017b69,-49
b827eb7c77df,-80
88c626bd3e93,-91
54e9a744e598,-97
c80f1025a827,-72
eaebb2ec9be5,-60
acbc32993174,-94
b827eb7c77df,-74
37390a017b69,-34
5c0e05078dce,-87
ecdd3d5620b9,-82
b827eb85beb1,-94
54e9a744e598,-93
5c0e05078dce,-82
eaebb2ec9be5,-67
37390a017b69,-48
80e4da733622,-86
80e4da733622,-87
6711384e4d7b,-83
230a4b2beaaa,-81
b827eb7c77df,-73
e15234cd66f5,-93
e15234cd66f5,-93
230a4b2beaaa,-85
230a4b2beaaa,-95
acbc32993174,-95
230a4b2beaaa,-85
72a3582219d3,-87
37390a017b69,-34
230a4b2beaaa,-85
6711384e4d7b,-84
37390a017b69,-49
d205460c97c2,-84
eaebb2ec9be5,-60
acbc32993174,-99
5c0e05078dce,-87
37390a017b69,-34
acbc32a5b7c4,-93
230a4b2beaaa,-85
6711384e4d7b,-84
230a4b2beaaa,-86
eaebb2ec9be5,-59
230a4b2beaaa,-85
6458411a6443,-74
b827eb7c77df,-74
0452c7639e4c,-69
37390a017b69,-30
6711384e4d7b,-94
6711384e4d7b,-93
880f10a017d3,-84
5c0e05078dce,-76
37390a017b69,-34
b827eb7c77df,-78
c80f1025a827,-74
37390a017b69,-48
5c0e05078dce,-87
5c0e05078dce,-87
599eea52d932,-96
b827eb7c77df,-76
37390a017b69,-49
6458411a6443,-71
54e9a744e598,-92
0452c7639e4c,-67
37390a017b69,-31
37390a017b69,-34
b827eb7c77df,-77
ffe77ff719bf,-90
37390a017b69,-50
c80f1079c3dc,-82
37390a017b69,-67
80e4da732b07,-82
80e4da732b07,-83
b827eb7c77df,-77
37390a017b69,-50
eaebb2ec9be5,-52
37390a017b69,-31
0452c7639e4c,-67
0452c7639e4c,-68
37390a017b69,-35
72a3582219d3,-80
eaebb2ec9be5,-51
88c626bd3e93,-94
37390a017b69,-34
eaebb2ec9be5,-55
b827eb7c77df,-76
599eea52d932,-87
37390a017b69,-33
230a4b2beaaa,-86
eaebb2ec9be5,-44
37390a017b69,-46
37390a017b69,-34
5c0e05078dce,-86
37390a017b69,-30
599eea52d932,-87
80e4da72e6e6,-93
b827eb85beb1,-87
37390a017b69,-49
b827eb7c77df,-75
5c0e05078dce,-88
6458411a6443,-72
37390a017b69,-30
72a3582219d3,-84
b827eb7c77df,-72
37390a017b69,-47
37390a017b69,-35
fc3fbc4acfe8,-86
b827eb85beb1,-89
5c0e05078dce,-88
6458411a6443,-73
37390a017b69,-34
0452c7639e4c,-69
c80f1025a827,-93
c80f1025a827,-92
63c505c91ae6,-84
37390a017b69,-34
eaebb2ec9be5,-41
b827eb7c77df,-80
37390a017b69,-34
230a4b2beaaa,-87
37390a017b69,-47
37390a017b69,-49
230a4b2beaaa,-100
230a4b2beaaa,-85
63c505c91ae6,-73
63c505c91ae6,-73
72a3582219d3,-93
72a3582219d3,-95
37390a017b69,-34
80e4da71f63a,-69
37390a017b69,-31
37390a017b69,-34
6711384e4d7b,-91
37390a017b69,-34
63c505c91ae6,-81
37390a017b69,-34
c80f1079c3dc,-70
37390a017b69,-84
eaebb2ec9be5,-48
599eea52d932,-90
37390a017b69,-35
5c0e05078dce,-92
230a4b2beaaa,-86
230a4b2beaaa,-85
230a4b2beaaa,-97
599eea52d932,-90
